name,zKebab,zCamel
edpqrod,-1.448876404,-0.5846871481
Ivan,-0.5601123596,0.68763069
jarod,0.07584269663,1.598037639
Maurizio feldmann,-1.008426966,0.045842046
Alessandro Della Flora,-0.9466292135,0.1343091523
riccardo,-1.296067416,-0.3659321216
risto ristovky,0.1578651685,1.715457616
Ivanceto,-1.770224719,-1.044716101
niccolo,-1.664606742,-0.8935177738
enrico,-1.936516854,-1.282773042
constantin,-1.046629213,-0.008846710632
